peak_budget,workload_budget,reward,p_hard,queries
0.0,0.0,0.65,0.0,0.0
0.0,1.0,0.65,0.0,0.0
0.0,2.0,0.65,0.0,0.0
0.0,3.0,0.65,0.0,0.0
0.0,4.0,0.65,0.0,0.0
0.0,5.0,0.65,0.0,0.0
0.0,6.0,0.65,0.0,0.0
0.0,7.0,0.65,0.0,0.0
0.0,8.0,0.65,0.0,0.0
0.0,9.0,0.65,0.0,0.0
0.0,10.0,0.65,0.0,0.0
0.0,11.0,0.65,0.0,0.0
0.0,12.0,0.65,0.0,0.0
0.0,13.0,0.65,0.0,0.0
0.0,14.0,0.65,0.0,0.0
0.0,15.0,0.65,0.0,0.0
0.0,16.0,0.65,0.0,0.0
0.0,17.0,0.65,0.0,0.0
0.0,18.0,0.65,0.0,0.0
0.0,19.0,0.65,0.0,0.0
0.0,20.0,0.65,0.0,0.0
0.0,21.0,0.65,0.0,0.0
1.0,0.0,0.65,0.0,0.0
1.0,1.0,0.65,0.0,0.0
1.0,2.0,0.65,0.0,0.0
1.0,3.0,0.65,0.0,0.0
1.0,4.0,0.65,0.0,0.0
1.0,5.0,0.65,0.0,0.0
1.0,6.0,0.65,0.0,0.0
1.0,7.0,0.65,0.0,0.0
1.0,8.0,0.65,0.0,0.0
1.0,9.0,0.65,0.0,0.0
1.0,10.0,0.65,0.0,0.0
1.0,11.0,0.65,0.0,0.0
1.0,12.0,0.65,0.0,0.0
1.0,13.0,0.65,0.0,0.0
1.0,14.0,0.65,0.0,0.0
1.0,15.0,0.65,0.0,0.0
1.0,16.0,0.65,0.0,0.0
1.0,17.0,0.65,0.0,0.0
1.0,18.0,0.65,0.0,0.0
1.0,19.0,0.65,0.0,0.0
1.0,20.0,0.65,0.0,0.0
1.0,21.0,0.65,0.0,0.0
2.0,0.0,0.65,0.0,0.0
2.0,1.0,0.65,0.0,0.0
2.0,2.0,0.65,0.0,0.0
2.0,3.0,0.65,0.0,0.0
2.0,4.0,0.65,0.0,0.0
2.0,5.0,0.65,0.0,0.0
2.0,6.0,0.65,0.0,0.0
2.0,7.0,0.65,0.0,0.0
2.0,8.0,0.65,0.0,0.0
2.0,9.0,0.65,0.0,0.0
2.0,10.0,0.65,0.0,0.0
2.0,11.0,0.65,0.0,0.0
2.0,12.0,0.65,0.0,0.0
2.0,13.0,0.65,0.0,0.0
2.0,14.0,0.65,0.0,0.0
2.0,15.0,0.65,0.0,0.0
2.0,16.0,0.65,0.0,0.0
2.0,17.0,0.65,0.0,0.0
2.0,18.0,0.65,0.0,0.0
2.0,19.0,0.65,0.0,0.0
2.0,20.0,0.65,0.0,0.0
2.0,21.0,0.65,0.0,0.0
3.0,0.0,0.65,0.0,0.0
3.0,1.0,0.65,0.0,0.0
3.0,2.0,0.65,0.0,0.0
3.0,3.0,0.65,0.0,0.0
3.0,4.0,0.65,0.0,0.0
3.0,5.0,0.65,0.0,0.0
3.0,6.0,0.65,0.0,0.0
3.0,7.0,0.65,0.0,0.0
3.0,8.0,0.65,0.0,0.0
3.0,9.0,0.65,0.0,0.0
3.0,10.0,0.65,0.0,0.0
3.0,11.0,0.65,0.0,0.0
3.0,12.0,0.65,0.0,0.0
3.0,13.0,0.65,0.0,0.0
3.0,14.0,0.65,0.0,0.0
3.0,15.0,0.65,0.0,0.0
3.0,16.0,0.65,0.0,0.0
3.0,17.0,0.65,0.0,0.0
3.0,18.0,0.65,0.0,0.0
3.0,19.0,0.65,0.0,0.0
3.0,20.0,0.65,0.0,0.0
3.0,21.0,0.65,0.0,0.0
4.0,0.0,0.65,0.0,0.0
4.0,1.0,0.65,0.0,0.0
4.0,2.0,0.65,0.0,0.0
4.0,3.0,0.65,0.0,0.0
4.0,4.0,0.65,0.0,0.0
4.0,5.0,0.65,0.0,0.0
4.0,6.0,0.65,0.0,0.0
4.0,7.0,0.65,0.0,0.0
4.0,8.0,0.65,0.0,0.0
4.0,9.0,0.65,0.0,0.0
4.0,10.0,0.65,0.0,0.0
4.0,11.0,0.65,0.0,0.0
4.0,12.0,0.65,0.0,0.0
4.0,13.0,0.65,0.0,0.0
4.0,14.0,0.65,0.0,0.0
4.0,15.0,0.65,0.0,0.0
4.0,16.0,0.65,0.0,0.0
4.0,17.0,0.65,0.0,0.0
4.0,18.0,0.65,0.0,0.0
4.0,19.0,0.65,0.0,0.0
4.0,20.0,0.65,0.0,0.0
4.0,21.0,0.65,0.0,0.0
5.0,0.0,0.65,0.0,0.0
5.0,1.0,0.6542575073242187,0.2,5.0
5.0,2.0,0.6585150146484375,0.4,5.0
5.0,3.0,0.6627725219726562,0.6,5.0
5.0,4.0,0.667030029296875,0.8,5.0
5.0,5.0,0.6712875366210938,1.0,5.0
5.0,6.0,0.6712875366210938,1.0,5.0
5.0,7.0,0.6712875366210938,1.0,5.0
5.0,8.0,0.6712875366210938,1.0,5.0
5.0,9.0,0.6712875366210938,1.0,5.0
5.0,10.0,0.6712875366210938,1.0,5.0
5.0,11.0,0.6712875366210938,1.0,5.0
5.0,12.0,0.6712875366210938,1.0,5.0
5.0,13.0,0.6712875366210938,1.0,5.0
5.0,14.0,0.6712875366210938,1.0,5.0
5.0,15.0,0.6712875366210938,1.0,5.0
5.0,16.0,0.6712875366210938,1.0,5.0
5.0,17.0,0.6712875366210938,1.0,5.0
5.0,18.0,0.6712875366210938,1.0,5.0
5.0,19.0,0.6712875366210938,1.0,5.0
5.0,20.0,0.6712875366210938,1.0,5.0
5.0,21.0,0.6712875366210938,1.0,5.0
6.0,0.0,0.65,0.0,0.0
6.0,1.0,0.6542575073242187,0.2,5.0
6.0,2.0,0.6585150146484375,0.4,5.0
6.0,3.0,0.6627725219726562,0.6,5.0
6.0,4.0,0.667030029296875,0.8,5.0
6.0,5.0,0.6712875366210938,1.0,5.0
6.0,6.0,0.6712875366210938,1.0,5.0
6.0,7.0,0.6712875366210938,1.0,5.0
6.0,8.0,0.6712875366210938,1.0,5.0
6.0,9.0,0.6712875366210938,1.0,5.0
6.0,10.0,0.6712875366210938,1.0,5.0
6.0,11.0,0.6712875366210938,1.0,5.0
6.0,12.0,0.6712875366210938,1.0,5.0
6.0,13.0,0.6712875366210938,1.0,5.0
6.0,14.0,0.6712875366210938,1.0,5.0
6.0,15.0,0.6712875366210938,1.0,5.0
6.0,16.0,0.6712875366210938,1.0,5.0
6.0,17.0,0.6712875366210938,1.0,5.0
6.0,18.0,0.6712875366210938,1.0,5.0
6.0,19.0,0.6712875366210938,1.0,5.0
6.0,20.0,0.6712875366210938,1.0,5.0
6.0,21.0,0.6712875366210938,1.0,5.0
7.0,0.0,0.65,0.0,0.0
7.0,1.0,0.6575624694824219,0.14,7.0
7.0,2.0,0.6651249389648437,0.28,7.0
7.0,3.0,0.6726874084472656,0.42,7.0
7.0,4.0,0.680790054321289,0.57,7.0
7.0,5.0,0.6883525238037109,0.71,7.0
7.0,6.0,0.6959149932861328,0.85,7.0
7.0,7.0,0.7040176391601562,1.0,7.0
7.0,8.0,0.7040176391601562,1.0,7.0
7.0,9.0,0.7040176391601562,1.0,7.0
7.0,10.0,0.7040176391601562,1.0,7.0
7.0,11.0,0.7040176391601562,1.0,7.0
7.0,12.0,0.7040176391601562,1.0,7.0
7.0,13.0,0.7040176391601562,1.0,7.0
7.0,14.0,0.7040176391601562,1.0,7.0
7.0,15.0,0.7040176391601562,1.0,7.0
7.0,16.0,0.7040176391601562,1.0,7.0
7.0,17.0,0.7040176391601562,1.0,7.0
7.0,18.0,0.7040176391601562,1.0,7.0
7.0,19.0,0.7040176391601562,1.0,7.0
7.0,20.0,0.7040176391601562,1.0,7.0
7.0,21.0,0.7040176391601562,1.0,7.0
8.0,0.0,0.65,0.0,0.0
8.0,1.0,0.6575624694824219,0.14,7.0
8.0,2.0,0.6651249389648437,0.28,7.0
8.0,3.0,0.6726874084472656,0.42,7.0
8.0,4.0,0.680790054321289,0.57,7.0
8.0,5.0,0.6883525238037109,0.71,7.0
8.0,6.0,0.6959149932861328,0.85,7.0
8.0,7.0,0.7040176391601562,1.0,7.0
8.0,8.0,0.7040176391601562,1.0,7.0
8.0,9.0,0.7040176391601562,1.0,7.0
8.0,10.0,0.7040176391601562,1.0,7.0
8.0,11.0,0.7040176391601562,1.0,7.0
8.0,12.0,0.7040176391601562,1.0,7.0
8.0,13.0,0.7040176391601562,1.0,7.0
8.0,14.0,0.7040176391601562,1.0,7.0
8.0,15.0,0.7040176391601562,1.0,7.0
8.0,16.0,0.7040176391601562,1.0,7.0
8.0,17.0,0.7040176391601562,1.0,7.0
8.0,18.0,0.7040176391601562,1.0,7.0
8.0,19.0,0.7040176391601562,1.0,7.0
8.0,20.0,0.7040176391601562,1.0,7.0
8.0,21.0,0.7040176391601562,1.0,7.0
9.0,0.0,0.65,0.0,0.0
9.0,1.0,0.6593345413208008,0.11,9.0
9.0,2.0,0.6686690826416015,0.22,9.0
9.0,3.0,0.6780036239624023,0.33,9.0
9.0,4.0,0.6873381652832031,0.44,9.0
9.0,5.0,0.6966727066040039,0.55,9.0
9.0,6.0,0.7060072479248047,0.66,9.0
9.0,7.0,0.7153417892456054,0.77,9.0
9.0,8.0,0.7246763305664062,0.88,9.0
9.0,9.0,0.7348594665527344,1.0,9.0
9.0,10.0,0.7348594665527344,1.0,9.0
9.0,11.0,0.7348594665527344,1.0,9.0
9.0,12.0,0.7348594665527344,1.0,9.0
9.0,13.0,0.7348594665527344,1.0,9.0
9.0,14.0,0.7348594665527344,1.0,9.0
9.0,15.0,0.7348594665527344,1.0,9.0
9.0,16.0,0.7348594665527344,1.0,9.0
9.0,17.0,0.7348594665527344,1.0,9.0
9.0,18.0,0.7348594665527344,1.0,9.0
9.0,19.0,0.7348594665527344,1.0,9.0
9.0,20.0,0.7348594665527344,1.0,9.0
9.0,21.0,0.7348594665527344,1.0,9.0
10.0,0.0,0.65,0.0,0.0
10.0,1.0,0.6593345413208008,0.11,9.0
10.0,2.0,0.6686690826416015,0.22,9.0
10.0,3.0,0.6780036239624023,0.33,9.0
10.0,4.0,0.6873381652832031,0.44,9.0
10.0,5.0,0.6966727066040039,0.55,9.0
10.0,6.0,0.7060072479248047,0.66,9.0
10.0,7.0,0.7153417892456054,0.77,9.0
10.0,8.0,0.7246763305664062,0.88,9.0
10.0,9.0,0.7348594665527344,1.0,9.0
10.0,10.0,0.7348594665527344,1.0,9.0
10.0,11.0,0.7348594665527344,1.0,9.0
10.0,12.0,0.7348594665527344,1.0,9.0
10.0,13.0,0.7348594665527344,1.0,9.0
10.0,14.0,0.7348594665527344,1.0,9.0
10.0,15.0,0.7348594665527344,1.0,9.0
10.0,16.0,0.7348594665527344,1.0,9.0
10.0,17.0,0.7348594665527344,1.0,9.0
10.0,18.0,0.7348594665527344,1.0,9.0
10.0,19.0,0.7348594665527344,1.0,9.0
10.0,20.0,0.7348594665527344,1.0,9.0
10.0,21.0,0.7348594665527344,1.0,9.0
11.0,0.0,0.65,0.0,0.0
11.0,1.0,0.6603626480102539,0.09,11.0
11.0,2.0,0.6707252960205079,0.18,11.0
11.0,3.0,0.6810879440307617,0.27,11.0
11.0,4.0,0.6914505920410157,0.36,11.0
11.0,5.0,0.7018132400512695,0.45,11.0
11.0,6.0,0.7121758880615234,0.54,11.0
11.0,7.0,0.7225385360717773,0.63,11.0
11.0,8.0,0.7329011840820313,0.72,11.0
11.0,9.0,0.7432638320922852,0.81,11.0
11.0,10.0,0.7536264801025391,0.9,11.0
11.0,11.0,0.7651405334472656,1.0,11.0
11.0,12.0,0.7651405334472656,1.0,11.0
11.0,13.0,0.7651405334472656,1.0,11.0
11.0,14.0,0.7651405334472656,1.0,11.0
11.0,15.0,0.7651405334472656,1.0,11.0
11.0,16.0,0.7651405334472656,1.0,11.0
11.0,17.0,0.7651405334472656,1.0,11.0
11.0,18.0,0.7651405334472656,1.0,11.0
11.0,19.0,0.7651405334472656,1.0,11.0
11.0,20.0,0.7651405334472656,1.0,11.0
11.0,21.0,0.7651405334472656,1.0,11.0
12.0,0.0,0.65,0.0,0.0
12.0,1.0,0.6603626480102539,0.09,11.0
12.0,2.0,0.6707252960205079,0.18,11.0
12.0,3.0,0.6810879440307617,0.27,11.0
12.0,4.0,0.6914505920410157,0.36,11.0
12.0,5.0,0.7018132400512695,0.45,11.0
12.0,6.0,0.7121758880615234,0.54,11.0
12.0,7.0,0.7225385360717773,0.63,11.0
12.0,8.0,0.7329011840820313,0.72,11.0
12.0,9.0,0.7432638320922852,0.81,11.0
12.0,10.0,0.7536264801025391,0.9,11.0
12.0,11.0,0.7651405334472656,1.0,11.0
12.0,12.0,0.7651405334472656,1.0,11.0
12.0,13.0,0.7651405334472656,1.0,11.0
12.0,14.0,0.7651405334472656,1.0,11.0
12.0,15.0,0.7651405334472656,1.0,11.0
12.0,16.0,0.7651405334472656,1.0,11.0
12.0,17.0,0.7651405334472656,1.0,11.0
12.0,18.0,0.7651405334472656,1.0,11.0
12.0,19.0,0.7651405334472656,1.0,11.0
12.0,20.0,0.7651405334472656,1.0,11.0
12.0,21.0,0.7651405334472656,1.0,11.0
13.0,0.0,0.65,0.0,0.0
13.0,1.0,0.6603626480102539,0.09,11.0
13.0,2.0,0.6718973541259765,0.15,13.0
13.0,3.0,0.6835759429931642,0.23,13.0
13.0,4.0,0.6937947082519531,0.3,13.0
13.0,5.0,0.7054732971191406,0.38,13.0
13.0,6.0,0.7171518859863282,0.46,13.0
13.0,7.0,0.7273706512451172,0.53,13.0
13.0,8.0,0.7390492401123047,0.61,13.0
13.0,9.0,0.7507278289794922,0.69,13.0
13.0,10.0,0.7609465942382813,0.76,13.0
13.0,11.0,0.7726251831054687,0.84,13.0
13.0,12.0,0.7843037719726562,0.92,13.0
13.0,13.0,0.7959823608398438,1.0,13.0
13.0,14.0,0.7959823608398438,1.0,13.0
13.0,15.0,0.7959823608398438,1.0,13.0
13.0,16.0,0.7959823608398438,1.0,13.0
13.0,17.0,0.7959823608398438,1.0,13.0
13.0,18.0,0.7959823608398438,1.0,13.0
13.0,19.0,0.7959823608398438,1.0,13.0
13.0,20.0,0.7959823608398438,1.0,13.0
13.0,21.0,0.7959823608398438,1.0,13.0
14.0,0.0,0.65,0.0,0.0
14.0,1.0,0.6603626480102539,0.09,11.0
14.0,2.0,0.6718973541259765,0.15,13.0
14.0,3.0,0.6835759429931642,0.23,13.0
14.0,4.0,0.6937947082519531,0.3,13.0
14.0,5.0,0.7054732971191406,0.38,13.0
14.0,6.0,0.7171518859863282,0.46,13.0
14.0,7.0,0.7273706512451172,0.53,13.0
14.0,8.0,0.7390492401123047,0.61,13.0
14.0,9.0,0.7507278289794922,0.69,13.0
14.0,10.0,0.7609465942382813,0.76,13.0
14.0,11.0,0.7726251831054687,0.84,13.0
14.0,12.0,0.7843037719726562,0.92,13.0
14.0,13.0,0.7959823608398438,1.0,13.0
14.0,14.0,0.7959823608398438,1.0,13.0
14.0,15.0,0.7959823608398438,1.0,13.0
14.0,16.0,0.7959823608398438,1.0,13.0
14.0,17.0,0.7959823608398438,1.0,13.0
14.0,18.0,0.7959823608398438,1.0,13.0
14.0,19.0,0.7959823608398438,1.0,13.0
14.0,20.0,0.7959823608398438,1.0,13.0
14.0,21.0,0.7959823608398438,1.0,13.0
15.0,0.0,0.65,0.0,0.0
15.0,1.0,0.6607227478027343,0.06,15.0
15.0,2.0,0.6732326202392578,0.13,15.0
15.0,3.0,0.6857424926757812,0.2,15.0
15.0,4.0,0.6964652404785157,0.26,15.0
15.0,5.0,0.708975112915039,0.33,15.0
15.0,6.0,0.7214849853515626,0.4,15.0
15.0,7.0,0.7322077331542969,0.46,15.0
15.0,8.0,0.7447176055908203,0.53,15.0
15.0,9.0,0.7572274780273438,0.6,15.0
15.0,10.0,0.7679502258300781,0.66,15.0
15.0,11.0,0.7804600982666016,0.73,15.0
15.0,12.0,0.792969970703125,0.8,15.0
15.0,13.0,0.8036927185058593,0.86,15.0
15.0,14.0,0.8162025909423828,0.93,15.0
15.0,15.0,0.8287124633789062,1.0,15.0
15.0,16.0,0.8287124633789062,1.0,15.0
15.0,17.0,0.8287124633789062,1.0,15.0
15.0,18.0,0.8287124633789062,1.0,15.0
15.0,19.0,0.8287124633789062,1.0,15.0
15.0,20.0,0.8287124633789062,1.0,15.0
15.0,21.0,0.8287124633789062,1.0,15.0
16.0,0.0,0.65,0.0,0.0
16.0,1.0,0.6607227478027343,0.06,15.0
16.0,2.0,0.6732326202392578,0.13,15.0
16.0,3.0,0.6857424926757812,0.2,15.0
16.0,4.0,0.6964652404785157,0.26,15.0
16.0,5.0,0.708975112915039,0.33,15.0
16.0,6.0,0.7214849853515626,0.4,15.0
16.0,7.0,0.7322077331542969,0.46,15.0
16.0,8.0,0.7447176055908203,0.53,15.0
16.0,9.0,0.7572274780273438,0.6,15.0
16.0,10.0,0.7679502258300781,0.66,15.0
16.0,11.0,0.7804600982666016,0.73,15.0
16.0,12.0,0.792969970703125,0.8,15.0
16.0,13.0,0.8036927185058593,0.86,15.0
16.0,14.0,0.8162025909423828,0.93,15.0
16.0,15.0,0.8287124633789062,1.0,15.0
16.0,16.0,0.8287124633789062,1.0,15.0
16.0,17.0,0.8287124633789062,1.0,15.0
16.0,18.0,0.8287124633789062,1.0,15.0
16.0,19.0,0.8287124633789062,1.0,15.0
16.0,20.0,0.8287124633789062,1.0,15.0
16.0,21.0,0.8287124633789062,1.0,15.0
17.0,0.0,0.65,0.0,0.0
17.0,1.0,0.6607766914367675,0.05,17.0
17.0,2.0,0.6737087211608886,0.11,17.0
17.0,3.0,0.6866407508850098,0.17,17.0
17.0,4.0,0.699572780609131,0.23,17.0
17.0,5.0,0.7125048103332519,0.29,17.0
17.0,6.0,0.7254368400573731,0.35,17.0
17.0,7.0,0.7383688697814942,0.41,17.0
17.0,8.0,0.7513008995056152,0.47,17.0
17.0,9.0,0.7620775909423828,0.52,17.0
17.0,10.0,0.7750096206665039,0.58,17.0
17.0,11.0,0.787941650390625,0.64,17.0
17.0,12.0,0.8008736801147461,0.7,17.0
17.0,13.0,0.8138057098388672,0.76,17.0
17.0,14.0,0.8267377395629882,0.82,17.0
17.0,15.0,0.8396697692871093,0.88,17.0
17.0,16.0,0.8526017990112305,0.94,17.0
17.0,17.0,0.8655338287353516,1.0,17.0
17.0,18.0,0.8655338287353516,1.0,17.0
17.0,19.0,0.8655338287353516,1.0,17.0
17.0,20.0,0.8655338287353516,1.0,17.0
17.0,21.0,0.8655338287353516,1.0,17.0
18.0,0.0,0.65,0.0,0.0
18.0,1.0,0.6607766914367675,0.05,17.0
18.0,2.0,0.6737087211608886,0.11,17.0
18.0,3.0,0.6866407508850098,0.17,17.0
18.0,4.0,0.699572780609131,0.23,17.0
18.0,5.0,0.7125048103332519,0.29,17.0
18.0,6.0,0.7254368400573731,0.35,17.0
18.0,7.0,0.7383688697814942,0.41,17.0
18.0,8.0,0.7513008995056152,0.47,17.0
18.0,9.0,0.7620775909423828,0.52,17.0
18.0,10.0,0.7750096206665039,0.58,17.0
18.0,11.0,0.787941650390625,0.64,17.0
18.0,12.0,0.8008736801147461,0.7,17.0
18.0,13.0,0.8138057098388672,0.76,17.0
18.0,14.0,0.8267377395629882,0.82,17.0
18.0,15.0,0.8396697692871093,0.88,17.0
18.0,16.0,0.8526017990112305,0.94,17.0
18.0,17.0,0.8655338287353516,1.0,17.0
18.0,18.0,0.8655338287353516,1.0,17.0
18.0,19.0,0.8655338287353516,1.0,17.0
18.0,20.0,0.8655338287353516,1.0,17.0
18.0,21.0,0.8655338287353516,1.0,17.0
19.0,0.0,0.65,0.0,0.0
19.0,1.0,0.6630950736999511,0.05,19.0
19.0,2.0,0.6761901473999025,0.1,19.0
19.0,3.0,0.6892852210998535,0.15,19.0
19.0,4.0,0.704999309539795,0.21,19.0
19.0,5.0,0.7180943832397461,0.26,19.0
19.0,6.0,0.7311894569396973,0.31,19.0
19.0,7.0,0.7442845306396484,0.36,19.0
19.0,8.0,0.7599986190795899,0.42,19.0
19.0,9.0,0.7730936927795411,0.47,19.0
19.0,10.0,0.7861887664794922,0.52,19.0
19.0,11.0,0.7992838401794433,0.57,19.0
19.0,12.0,0.8149979286193847,0.63,19.0
19.0,13.0,0.8280930023193359,0.68,19.0
19.0,14.0,0.8411880760192871,0.73,19.0
19.0,15.0,0.8542831497192384,0.78,19.0
19.0,16.0,0.8699972381591796,0.84,19.0
19.0,17.0,0.8830923118591308,0.89,19.0
19.0,18.0,0.8961873855590821,0.94,19.0
19.0,19.0,0.9119014739990234,1.0,19.0
19.0,20.0,0.9119014739990234,1.0,19.0
19.0,21.0,0.9119014739990234,1.0,19.0
20.0,0.0,0.65,0.0,0.0
20.0,1.0,0.6630950736999511,0.05,19.0
20.0,2.0,0.6761901473999025,0.1,19.0
20.0,3.0,0.6892852210998535,0.15,19.0
20.0,4.0,0.704999309539795,0.21,19.0
20.0,5.0,0.7180943832397461,0.26,19.0
20.0,6.0,0.7311894569396973,0.31,19.0
20.0,7.0,0.7442845306396484,0.36,19.0
20.0,8.0,0.7599986190795899,0.42,19.0
20.0,9.0,0.7730936927795411,0.47,19.0
20.0,10.0,0.7861887664794922,0.52,19.0
20.0,11.0,0.7992838401794433,0.57,19.0
20.0,12.0,0.8149979286193847,0.63,19.0
20.0,13.0,0.8280930023193359,0.68,19.0
20.0,14.0,0.8411880760192871,0.73,19.0
20.0,15.0,0.8542831497192384,0.78,19.0
20.0,16.0,0.8699972381591796,0.84,19.0
20.0,17.0,0.8830923118591308,0.89,19.0
20.0,18.0,0.8961873855590821,0.94,19.0
20.0,19.0,0.9119014739990234,1.0,19.0
20.0,20.0,0.9119014739990234,1.0,19.0
20.0,21.0,0.9119014739990234,1.0,19.0
21.0,0.0,0.65,0.0,0.0
21.0,1.0,0.664,0.04,21.0
21.0,2.0,0.6815,0.09,21.0
21.0,3.0,0.6990000000000001,0.14,21.0
21.0,4.0,0.7165000000000001,0.19,21.0
21.0,5.0,0.7305,0.23,21.0
21.0,6.0,0.748,0.28,21.0
21.0,7.0,0.7655,0.33,21.0
21.0,8.0,0.783,0.38,21.0
21.0,9.0,0.797,0.42,21.0
21.0,10.0,0.8145,0.47,21.0
21.0,11.0,0.8320000000000001,0.52,21.0
21.0,12.0,0.8494999999999999,0.57,21.0
21.0,13.0,0.8634999999999999,0.61,21.0
21.0,14.0,0.881,0.66,21.0
21.0,15.0,0.8985,0.71,21.0
21.0,16.0,0.916,0.76,21.0
21.0,17.0,0.93,0.8,21.0
21.0,18.0,0.9475,0.85,21.0
21.0,19.0,0.965,0.9,21.0
21.0,20.0,0.9824999999999999,0.95,21.0
21.0,21.0,1.0,1.0,21.0
